Date,Gold Price VN,Silver Price VN,Silver Price International,Difference Between Gold Price VN & Silver Price VN
2024-07-12,12059122,1110000.0,30.79,10949122.0
2024-07-15,12137798,1110000.0,30.68,11027798.0
2024-07-16,12189046,1110000.0,31.25,11079046.0
2024-07-17,12155723,1110000.0,30.31,11045723.0
2024-07-18,12109872,1090000.0,29.83,11019872.0
2024-07-19,11920359,1060000.0,29.22,10860359.0
2024-07-22,11826980,1030000.0,29.13,10796980.0
2024-07-23,11898870,1025000.0,29.23,10873870.0
2024-07-24,11758265,1065000.0,28.9,10693265.0
2024-07-25,11803339,1025000.0,27.85,10778339.0
2024-07-26,11707578,985000.0,27.93,10722578.0
2024-07-29,11617113,1000000.0,27.86,10617113.0
2024-07-30,11665834,985000.0,28.39,10680834.0
2024-07-31,11715961,1000000.0,29.0,10715961.0
2024-08-01,11555165,1000000.0,28.52,10555165.0
2024-08-02,11574366,1000000.0,28.56,10574366.0
2024-08-05,11615956,977500.0,27.24,10638456.0
2024-08-06,11372222,950000.0,26.97,10422222.0
2024-08-07,11350596,940000.0,26.61,10410596.0
2024-08-08,11488129,952500.0,27.54,10535629.0
2024-08-09,11479343,965000.0,27.46,10514343.0
2024-08-12,11376295,975000.0,27.96,10401295.0
2024-08-13,11375437,985000.0,27.85,10390437.0
2024-08-14,11337222,987500.0,27.57,10349722.0
2024-08-15,11420303,985416.6666666667,28.36,10434886.333333334
2024-08-16,11326385,983333.3333333334,29.04,10343051.666666666
2024-08-19,11462152,1010000.0,29.45,10452152.0
2024-08-20,11303300,1022500.0,29.44,10280800.0
2024-08-21,11462507,1015000.0,29.61,10447507.0
2024-08-22,11355408,1009712.5,28.98,10345695.5
2024-08-23,11417841,1004425.0,29.83,10413416.0
2024-08-26,11422164,1033500.0,29.91,10388664.0
2024-08-27,11619474,1047600.0,29.97,10571874.0
2024-08-28,11630546,1038666.6666666666,29.13,10591879.333333334
2024-08-29,11536796,1040000.0,29.42,10496796.0
2024-08-30,11621766,1044000.0,28.87,10577766.0
2024-09-02,11537070,1020000.0,28.56,10517070.0
2024-09-03,11656503,1015000.0,28.04,10641503.0
2024-09-04,11603222,995000.0,28.27,10608222.0
2024-09-05,11827895,1006666.6666666666,28.82,10821228.333333334
2024-09-06,11708954,1018000.0,27.94,10690954.0
2024-09-09,11863875,985000.0,28.35,10878875.0
2024-09-10,11870875,997666.6666666666,28.4,10873208.333333334
2024-09-11,11791952,1006666.6666666666,28.68,10785285.333333334
2024-09-12,11808470,1010000.0,29.88,10798470.0
2024-09-13,11862040,1053000.0,30.72,10809040.0
2024-09-16,11888223,1077666.6666666667,30.74,10810556.333333334
2024-09-17,11944363,1068500.0,30.7,10875863.0
2024-09-18,11983748,1055000.0,30.08,10928748.0
2024-09-19,12055511,1041857.1428571428,30.78,11013653.857142856
2024-09-20,12044075,1054666.6666666667,31.18,10989408.333333334
2024-09-23,11963021,1044000.0,30.7,10919021.0
2024-09-24,12090944,1042000.0,32.1,11048944.0
2024-09-25,12005691,1071000.0,31.81,10934691.0
2024-09-26,12075828,1108250.0,32.01,10967578.0
2024-09-27,12020087,1100250.0,31.63,10919837.0
2024-09-30,12194408,1093500.0,31.16,11100908.0
2024-10-01,12139959,1086000.0,31.44,11053959.0
2024-10-02,12098492,1092800.0,31.83,11005692.0
2024-10-03,12207626,1107000.0,32.03,11100626.0
2024-10-04,12041199,1124000.0,32.2,10917199.0
2024-10-07,12106003,1125428.5714285714,31.68,10980574.42857143
2024-10-08,12073487,1106250.0,30.67,10967237.0
2024-10-09,12123870,1078500.0,30.5,11045370.0
2024-10-10,12018282,1080000.0,31.16,10938282.0
2024-10-11,12135992,1095000.0,31.54,11040992.0
2024-10-14,11987294,1101000.0,31.2,10886294.0
2024-10-15,11902572,1099600.0,31.51,10802972.0
2024-10-16,12024051,1119500.0,31.68,10904551.0
2024-10-17,12002595,1127000.0,31.69,10875595.0
2024-10-18,11951429,1138000.0,33.72,10813429.0
2024-10-21,11852831,1227500.0,33.78,10625331.0
2024-10-22,11947265,1253400.0,34.86,10693865.0
2024-10-23,11932561,1272500.0,33.7,10660061.0
2024-10-24,11867189,1250000.0,33.68,10617189.0
2024-10-25,11867978,1239000.0,33.72,10628978.0
2024-10-28,11922817,1229250.0,33.68,10693567.0
2024-10-29,11782902,1248571.4285714286,34.46,10534330.57142857
2024-10-30,11923555,1263500.0,33.78,10660055.0
2024-10-31,11856251,1248500.0,32.66,10607751.0
2024-11-01,11793176,1210666.6666666667,32.45,10582509.333333334
2024-11-04,11831019,1210000.0,32.45,10621019.0
2024-11-05,11760321,1203500.0,32.65,10556821.0
2024-11-06,11914973,1197000.0,31.18,10717973.0
2024-11-07,11849208,1143333.3333333333,32.04,10705874.666666666
2024-11-08,11725833,1177500.0,31.31,10548333.0
2024-11-11,11941326,1155916.6666666665,30.69,10785409.333333334
2024-11-12,11811519,1134333.3333333333,30.72,10677185.666666666
2024-11-13,11842370,1148500.0,30.31,10693870.0
2024-11-14,11824098,1127333.3333333333,30.44,10696764.666666666
2024-11-15,11768934,1134000.0,30.26,10634934.0
2024-11-18,11851228,1138000.0,31.18,10713228.0
2024-11-19,11845870,1160000.0,31.21,10685870.0
2024-11-20,11740154,1159500.0,30.86,10580654.0
2024-11-21,11855672,1158666.6666666667,30.79,10697005.333333334
2024-11-22,11811201,1155500.0,31.35,10655701.0
2024-11-25,11808977,1149000.0,30.3,10659977.0
2024-11-26,11725321,1126750.0,30.44,10598571.0
2024-11-27,11719322,1135000.0,30.1,10584322.0
2024-11-28,11845062,1109800.0,30.23,10735262.0
2024-11-29,11747025,1134250.0,30.62,10612775.0
2024-12-02,11829319,1123000.0,30.51,10706319.0
2024-12-03,11827340,1141200.0,31.03,10686140.0
2024-12-04,11748511,1146333.3333333333,31.3,10602177.666666666
2024-12-05,11658720,1150333.3333333333,31.34,10508386.666666666
2024-12-06,11738901,1147666.6666666667,30.97,10591234.333333334
2024-12-09,11668698,1136666.6666666667,31.83,10532031.333333334
2024-12-10,11531604,1172200.0,31.9,10359404.0
2024-12-11,11727639,1168250.0,31.91,10559389.0
2024-12-12,11703955,1176500.0,30.98,10527455.0
2024-12-13,11612918,1139000.0,30.56,10473918.0
2024-12-16,11698158,1127750.0,30.53,10570408.0
2024-12-17,11571985,1129875.0,30.53,10442110.0
2024-12-18,11458521,1132000.0,29.36,10326521.0
2024-12-19,11453146,1093000.0,29.04,10360146.0
2024-12-20,11585726,1075333.3333333333,29.51,10510392.666666666
2024-12-23,11516223,1103250.0,29.65,10412973.0
2024-12-24,11567972,1104000.0,29.62,10463972.0
2024-12-26,11506548,1102500.0,29.82,10404048.0
2024-12-27,11472049,1107500.0,29.39,10364549.0
2024-12-30,11483412,1089000.0,28.96,10394412.0
2024-12-31,11660789,1083500.0,28.9,10577289.0
2025-01-02,11621621,1094000.0,29.57,10527621.0
2025-01-03,11597556,1103500.0,29.62,10494056.0
2025-01-06,11669746,1101250.0,29.94,10568496.0
2025-01-07,11536619,1114666.6666666667,30.05,10421952.333333334
2025-01-08,11648973,1120333.3333333335,30.12,10528639.666666666
2025-01-09,11734619,1126000.0,30.13,10608619.0
2025-01-10,11682571,1133000.0,30.41,10549571.0
2025-01-13,11728988,1134000.0,29.62,10594988.0
2025-01-14,11715123,1117000.0,29.91,10598123.0
2025-01-15,11893201,1124750.0,30.67,10768451.0
2025-01-16,11884569,1146000.0,30.82,10738569.0
2025-01-17,11949569,1144500.0,30.36,10805069.0
2025-01-20,11867349,1134000.0,30.54,10733349.0
2025-01-21,11986482,1141333.3333333333,30.84,10845148.666666666
2025-01-22,12097392,1153000.0,30.82,10944392.0
2025-01-23,12077631,1145000.0,30.44,10932631.0
2025-01-24,12178173,1152000.0,30.6,11026173.0
2025-01-27,12035683,1153555.5555555555,30.21,10882127.444444444
2025-01-28,12108621,1155111.111111111,30.4,10953509.888888888
2025-01-29,12171183,1156666.6666666665,30.84,11014516.333333334
2025-01-30,12188543,1158222.2222222222,31.65,11030320.777777778
2025-01-31,12139082,1159777.7777777778,31.32,10979304.222222222
2025-02-03,12308680,1161333.3333333333,31.58,11147346.666666666
2025-02-04,12306548,1175500.0,32.14,11131048.0
2025-02-05,12239919,1200200.0,32.31,11039719.0
2025-02-06,12171802,1199750.0,32.22,10972052.0
2025-02-07,12217810,1190000.0,31.81,11027810.0
2025-02-10,12164574,1201400.0,32.05,10963174.0
2025-02-11,12180305,1193333.3333333333,31.82,10986971.666666666
2025-02-12,12150400,1195000.0,32.23,10955400.0
2025-02-13,12353314,1218500.0,32.34,11134814.0
2025-02-14,12162628,1232400.0,32.15,10930228.0
2025-02-17,12226963,1210125.0,32.4,11016838.0
2025-02-18,12319776,1214142.857142857,32.89,11105633.142857144
2025-02-19,12253560,1226166.6666666667,32.7,11027393.333333334
2025-02-20,12256512,1232000.0,32.95,11024512.0
2025-02-21,12175063,1229000.0,32.46,10946063.0
2025-02-24,12183338,1223500.0,32.35,10959838.0
2025-02-25,11984661,1220750.0,31.74,10763911.0
2025-02-26,11983512,1194714.2857142857,31.86,10788797.714285715
2025-02-27,11843325,1196769.2307692308,31.26,10646555.76923077
2025-02-28,11856037,1179666.6666666667,31.15,10676370.333333334
2025-03-03,11951652,1182166.6666666667,31.69,10769485.333333334
2025-03-04,11818462,1196454.5454545454,31.99,10622007.454545455
2025-03-05,11786210,1205200.0,32.66,10581010.0
2025-03-06,11750154,1220000.0,32.64,10530154.0
2025-03-07,11717133,1218666.6666666667,32.53,10498466.333333334
2025-03-10,11697512,1218000.0,32.11,10479512.0
2025-03-11,11548251,1208454.5454545454,32.95,10339796.454545455
2025-03-12,11643895,1230000.0,33.23,10413895.0
2025-03-13,11501415,1241000.0,33.86,10260415.0
2025-03-14,11495309,1266800.0,33.8,10228509.0
2025-03-17,11520949,1270000.0,33.86,10250949.0
2025-03-18,11355285,1276250.0,34.01,10079035.0
2025-03-19,11407142,1274666.6666666667,33.79,10132475.333333334
2025-03-20,11425601,1262400.0,33.58,10163201.0
2025-03-21,11366490,1254250.0,33.03,10112240.0
2025-03-24,11415131,1261000.0,33.02,10154131.0
2025-03-25,11443612,1263500.0,33.73,10180112.0
2025-03-26,11396811,1279800.0,33.64,10117011.0
2025-03-27,11289025,1289800.0,34.41,9999225.0
2025-03-28,11358760,1312666.6666666667,34.13,10046093.333333334
2025-03-31,11310756,1314285.7142857143,34.09,9996470.285714285
2025-04-01,11413519,1306333.3333333333,33.69,10107185.666666666
2025-04-02,11371224,1294000.0,33.89,10077224.0
2025-04-03,11484514,1284454.5454545454,31.86,10200059.454545455
2025-04-04,11535161,1227142.857142857,29.59,10308018.142857144
2025-04-07,11623163,1192666.6666666667,30.08,10430496.333333334
2025-04-08,11499100,1179000.0,29.81,10320100.0
2025-04-09,11632516,1183400.0,31.02,10449116.0
2025-04-10,11598399,1204500.0,31.22,10393899.0
2025-04-11,11668885,1202833.3333333333,32.31,10466051.666666666
2025-04-14,11694729,1226000.0,32.35,10468729.0
2025-04-15,11766476,1239500.0,32.32,10526976.0
2025-04-16,11815865,1248384.6153846155,32.76,10567480.384615384
2025-04-17,11902529,1245000.0,32.52,10657529.0
2025-04-21,11931757,1258500.0,32.68,10673257.0
2025-04-22,11886800,1253000.0,32.5,10633800.0
2025-04-23,11796578,1260000.0,33.57,10536578.0
2025-04-24,11959867,1284857.142857143,33.58,10675009.857142856
2025-04-25,11877524,1288666.6666666667,33.1,10588857.333333334
2025-04-28,12027105,1265000.0,33.16,10762105.0
2025-04-29,12013124,1273142.857142857,32.94,10739981.142857144
2025-04-30,12010474,1264000.0,32.62,10746474.0
2025-05-01,12054627,1239800.0,32.42,10814827.0
2025-05-02,12158524,1251250.0,32.01,10907274.0
2025-05-05,12137020,1237000.0,32.49,10900020.0
2025-05-06,12066318,1260200.0,33.22,10806118.0
2025-05-07,12009968,1258200.0,32.46,10751768.0
2025-05-08,12039306,1252333.3333333333,32.47,10786972.666666666
2025-05-09,12174965,1247600.0,32.73,10927365.0
2025-05-12,12137522,1246500.0,32.6,10891022.0
2025-05-13,12064433,1260625.0,32.91,10803808.0
2025-05-14,12041258,1259000.0,32.23,10782258.0
2025-05-15,12167496,1226750.0,32.64,10940746.0
2025-05-16,12033693,1240500.0,32.3,10793193.0
2025-05-19,12125462,1242250.0,32.36,10883212.0
2025-05-20,12103607,1242600.0,33.09,10861007.0
2025-05-21,11991930,1267250.0,33.39,10724680.0
2025-05-22,11998119,1271666.6666666667,33.06,10726452.333333334
2025-05-23,12133728,1271000.0,33.48,10862728.0
2025-05-26,12055862,1274000.0,33.49,10781862.0
2025-05-27,11983721,1268875.0,33.26,10714846.0
2025-05-28,12054064,1269500.0,32.97,10784564.0
2025-05-29,11989710,1266666.6666666667,33.32,10723043.333333334
2025-05-30,11920894,1267750.0,32.99,10653144.0
2025-06-02,11881883,1273833.3333333333,34.76,10608049.666666666
2025-06-03,12031121,1309166.6666666667,34.52,10721954.333333334
2025-06-04,11947329,1302250.0,34.5,10645079.0
2025-06-05,12006512,1314454.5454545454,35.66,10692057.454545455
2025-06-06,11989994,1343222.2222222222,35.98,10646771.777777778
2025-06-09,11958753,1353000.0,36.76,10605753.0
2025-06-10,11848384,1383333.3333333333,36.53,10465050.666666666
2025-06-11,11800616,1396909.0909090908,36.25,10403706.90909091
2025-06-12,11925640,1388200.0,36.36,10537440.0
2025-06-13,11836321,1397357.142857143,36.31,10438963.857142856
2025-06-16,11820669,1397444.4444444445,36.32,10423224.555555556
2025-06-17,11883307,1405900.0,37.13,10477407.0
2025-06-18,11922433,1428222.2222222222,36.75,10494210.777777778
2025-06-19,11822096,1408727.2727272727,36.4,10413368.727272727
2025-06-20,11934132,1384888.888888889,36.01,10549243.111111112
2025-06-23,11844232,1393400.0,36.11,10450832.0
2025-06-24,11842705,1393000.0,35.92,10449705.0
2025-06-25,11780405,1386000.0,36.26,10394405.0
2025-06-26,11812990,1409200.0,36.65,10403790.0
2025-06-27,11908977,1398230.7692307692,35.99,10510746.23076923
2025-06-30,11919484,1392000.0,36.11,10527484.0
2025-07-01,11905492,1389923.076923077,36.03,10515568.923076924
2025-07-02,11700824,1379555.5555555555,36.56,10321268.444444444
2025-07-03,11790632,1402625.0,36.85,10388007.0
2025-07-04,11903241,1403727.2727272727,36.93,10499513.727272727
2025-07-07,11794435,1394700.0,36.77,10399735.0
2025-07-08,11843799,1400000.0,36.8,10443799.0
